i,23135
order,626
3,773
of,8415
them,3184
and,22386
one,3215
the,29057
item,650
is,11488
bad,278
qualiti,1386
miss,99
backup,34
spring,13
so,4760
have,6160
to,19580
put,626
a,17658
pc,20
aluminum,3
make,942
batteri,10294
work,4634
bulk,161
alway,549
less,480
expens,494
way,655
go,1326
for,17959
product,2450
like,2884
these,4643
well,2463
they,5960
are,4591
not,4565
duracel,751
but,4926
price,5494
am,1057
happi,827
seem,1440
as,7660
name,1268
brand,2306
at,2543
much,1634
better,1442
veri,3813
long,2514
last,3211
great,9465
bought,3185
lot,1313
christma,906
amazonbas,331
cell,97
been,1079
good,5916
haven,361
t,4542
notic,214
differ,625
between,183
amazon,3949
basic,696
just,2818
easier,307
purchas,2570
arriv,218
hous,278
on,5674
hand,436
will,1962
buy,2807
again,884
ive,37
had,2097
ani,1309
problam,1
with,6064
in,5993
past,120
pleas,348
if,1888
you,4741
look,892
cheap,587
non,79
recharg,251
that,5945
quit,275
while,579
then,558
perfect,1136
noth,199
more,2149
say,633
do,1729
hold,542
amount,259
high,299
power,541
juic,32
energ,388
or,2125
half,194
aa,538
aaa,392
done,197
by,586
me,1383
appear,134
shelf,91
life,1003
ll,361
find,499
be,2987
equal,30
superior,21
can,4091
believ,137
didn,453
start,336
sooner,28
packag,656
larg,165
too,915
when,1728
first,756
get,2413
realli,1418
recent,108
mayb,164
mix,12
bag,65
inconsist,4
some,1032
than,2166
other,2052
test,269
feel,319
may,228
longer,464
howev,316
hard,267
beat,525
use,7041
it,20040
my,11207
fish,5
tank,11
s,3761
light,967
night,173
love,6231
how,1001
easili,264
switch,132
off,425
want,1263
guest,4
there,1111
got,1267
em,23
comment,27
job,250
quick,178
deliveri,96
onli,1547
two,679
into,380
keyboard,192
up,1914
year,2329
who,557
after,714
three,194
day,795
we,2367
mani,789
thing,979
need,1849
thank,429
wa,4187
abl,572
even,775
ship,234
condit,48
did,549
exactli,180
what,1527
would,2087
don,1405
know,511
thu,53
opinion,84
anywher,159
near,42
led,121
candl,138
which,897
crazi,72
trail,27
camera,467
were,860
expos,14
cold,21
temp,5
north,7
sheet,4
beed,0
towel,0
size,1079
lack,92
enough,521
consid,108
cheaper,451
gift,1166
month,583
decemb,11
2month,0
toy,499
now,989
replac,821
also,1288
doorbel,0
tv,280
remot,563
control,892
still,767
thi,10484
second,293
door,50
from,1837
xbox,174
none,73
explod,21
review,457
said,213
disappoint,303
all,2704
no,1709
yet,331
although,112
gave,202
4star,1
becaus,975
few,526
full,189
strong,133
pretti,541
weak,39
out,1421
box,530
48,100
definit,508
priceim,1
satisfi,205
ve,919
time,2488
caus,52
recommend,1273
chanc,47
hope,186
remain,19
reason,385
mean,86
under,148
thought,317
fit,304
nice,1294
compani,52
should,305
ok,329
our,932
fault,24
game,2028
sever,366
week,441
conveni,240
compar,502
store,1141
ago,166
about,1229
except,109
hundr,48
let,189
share,59
kid,3017
grand,165
okay,75
far,1247
everi,540
son,1038
wont,45
kno,0
eeek,0
horribl,42
depend,60
wireless,177
microphon,25
found,373
per,109
usag,108
tri,636
subscript,93
prefer,116
avail,351
same,598
1,431
4,757
capac,78
3rd,63
expir,36
2027,2
100,149
10,292
12,101
window,48
2,1061
sinc,545
experi,203
see,483
consist,33
an,2117
averag,65
17,23
almost,247
around,486
charg,1002
6,323
hour,439
run,522
junk,56
simpl,273
digit,71
clock,106
best,1382
made,378
never,521
back,506
cost,469
date,87
1992,1
yeah,14
ined,0
pack,526
usedd,0
faster,247
im,41
lowest,17
devic,1365
8,750
new,976
through,524
could,644
simplic,7
fool,7
worth,478
quantiti,92
tthrough,0
fast,692
least,137
standard,97
kind,126
everyday,122
excel,761
perform,627
earlier,50
expect,702
afford,261
re,559
save,280
money,753
rock,26
amaz,401
walmart,20
updat,222
end,237
report,27
fine,555
issu,554
plan,115
seller,29
jn,0
term,52
tie,18
top,291
spot,33
edg,23
dollar,184
comput,225
valu,1132
divid,5
cheapest,27
took,200
respect,7
third,116
place,164
advantag,34
trust,64
leader,3
imag,42
attach,20
graph,3
tabl,114
summar,1
result,63
7,501
type,114
d,258
dept,1
bit,309
quest,6
sell,97
repeat,11
precis,2
equip,50
environment,6
slot,58
each,280
fulli,98
discharg,33
opu,1
bt,6
c2000,1
analyz,1
rate,133
ma,27
200,26
400,7
affect,5
usabl,18
exact,14
acdelco,22
procel,27
coppertop,27
max,8
maxel,16
rayovac,79
link,79
take,780
comparison,45
purpos,146
disch,5
rt,5
runtim,3
sampl,6
case100,1
997,1
mah,27
hr,26
low,390
flashlight200,1
914,1
5,607
electron,220
medium,16
flashlight400,1
623,1
motor,14
bright,180
flashlightnot,1
alkalin,244
achiev,16
somewhat,18
higher,110
1200,2
applic,106
mous,185
etc,371
intern,45
resist,31
reduc,25
among,14
data,52
0,37
31,3
ea,9
36,26
right,507
decent,293
beatabl,1
suppli,48
spent,64
eclips,1
current,81
option,331
wise,32
blown,10
away,147
energi,41
their,749
runtime100,3
1005,1
hrs200,3
864,1
hrs400,3
670,1
hrsa,1
comper,1
21,12
significantli,25
possibl,61
sit,74
drawer,36
both,335
certainli,40
contract,2
parti,31
think,537
provid,139
troubl,59
note,71
come,759
clearli,15
gigant,3
plastic,125
blister,6
closabl,1
cardboard,85
organ,30
your,939
import,55
push,40
winner,18
categori,11
despit,35
50,105
premium,36
final,121
anoth,418
specif,62
mention,39
scenario,5
short,152
garbag,18
case,856
version,362
websit,32
he,1752
hi,676
most,485
popular,43
sourc,39
ran,54
couldn,181
poorli,7
here,221
typic,73
908,1
9,192
590,1
443,1
hrsmi,1
post,43
gather,6
method,10
those,248
page,295
below,13
search,123
brows,179
profil,143
addit,155
futur,118
list,57
super,259
batteriesduracel,1
mn2400,1
20,117
packduracel,1
pc2400bkd09energ,1
batteriesmaxel,1
cellrayovac,1
storag,374
indoor,13
bang,55
buck,108
everyth,668
gotten,63
dud,34
batch,69
sure,421
blew,4
aren,90
chang,327
often,151
exampl,33
magic,17
touch,189
count,40
pop,52
child,488
play,1751
nearli,76
m,1002
fantast,154
stockpil,3
oprah,0
probabl,187
chuckl,0
primit,2
integr,37
part,117
daili,135
live,131
food,8
drink,7
shelter,1
combin,22
enginz,1
stock,138
home,317
might,139
improv,147
graphic,107
though,309
excit,81
car,148
him,425
awesom,570
deal,933
costco,88
kirkland,39
base,121
befor,447
clear,273
thumb,17
sorri,30
rc,11
transmitt,10
alreadi,319
smaller,164
realiz,55
quickli,334
onlin,224
xpect,0
altern,105
particularli,20
frequent,54
headset,5
preform,5
stay,109
highli,358
mainli,112
friend,220
advis,4
her,1529
famili,261
swear,3
agre,7
worri,202
commod,6
suppos,88
everyon,102
littl,980
tire,42
forth,13
local,102
small,492
therefor,26
decid,280
approxim,17
bargain,100
inexpens,230
bank,24
account,272
volt,35
shopper,5
leappad,0
held,74
lifespan,25
household,57
practic,27
hit,93
yourself,28
face,49
pick,152
coupl,200
set,1065
defint,1
happili,7
handi,125
plenti,173
especi,278
birthday,218
holiday,70
ps3,0
televis,22
teacher,6
ton,172
refus,16
spend,217
excess,2
figur,179
cute,18
matter,63
lol,73
won,269
leak,219
rather,105
head,35
check,244
onc,215
happen,100
turn,420
brown,15
side,197
ruin,39
didnt,39
clean,44
real,138
old,2164
infrequ,4
air,29
continu,143
flameless,13
dont,99
lieuten,0
dan,2
call,89
forrest,0
must,150
room,118
whi,231
bunch,59
guy,52
keep,776
outdoor,24
lead,40
namebrand,7
four,152
pair,91
instead,189
surveil,2
bother,50
throw,69
fellow,2
she,2616
rememb,69
claim,30
wast,107
advic,6
flashlight,186
ten,27
machin,31
fluctuat,0
pay,351
tini,20
measur,29
x,23
seal,30
glad,214
stumbl,6
onto,51
whole,81
big,514
chain,2
wrap,147
includ,208
pictur,382
detail,24
extra,235
hate,50
mail,58
scaveng,0
steal,37
bring,50
renew,4
vigor,0
cours,69
bunni,31
cant,101
individu,44
insid,74
white,103
reusabl,2
dure,149
terribl,73
bare,37
shoot,19
where,212
multipl,102
oper,272
pump,20
transfer,50
ga,8
ride,52
mower,3
fuel,2
lift,4
five,76
gallon,0
empti,1
bundl,29
foursom,0
perfectli,176
genuin,3
offer,204
fone,1
fraction,107
market,124
today,64
greaatttt,0
describ,178
boot,22
advertis,226
came,342
shop,165
tell,244
complaint,280
hesit,31
proven,9
wrong,208
either,143
ye,118
impress,173
commerci,18
deliv,124
perfarm,1
agenda,1
emerg,20
extend,35
outag,3
receiv,233
confirm,13
print,54
2025,3
2015,22
ordinari,2
environ,26
pocket,75
grate,5
against,37
normal,178
along,105
fake,5
wife,445
ha,2429
batt,21
true,39
stori,20
manufactur,58
subscrib,82
solid,107
sale,323
wonder,212
problem,623
object,7
requir,163
consumpt,13
adequ,32
competit,33
point,227
competitor,26
bravo,4
further,36
30,74
copper,48
u,61
fair,42
electr,34
toothbrush,18
dissatisfi,3
eat,43
break,197
rival,8
bht,0
lrice,0
actual,244
headphon,44
theyblast,0
thunk,0
definitli,0
kinda,20
regular,172
someth,417
plu,279
10x,4
wirth,0
left,98
over,565
brake,0
subscdipt,0
lithium,25
forev,43
heavi,95
reflect,10
pull,37
16,91
surpris,178
until,133
instal,295
kodak,2
previous,79
restock,9
give,445
mediocr,4
alright,14
gadget,55
myself,216
husband,178
durabl,405
steer,2
peopl,142
timer,63
dead,186
return,311
refund,25
lower,96
charger,192
mine,139
seriou,17
mercuri,4
abund,1
damn,8
beet,3
busi,120
par,34
w,14
zillion,0
ever,365
six,52
whether,28
whatev,50
closer,4
doubl,54
truli,36
convert,16
form,32
wal,5
mart,5
twice,76
such,301
loooooong,0
usual,149
hardli,19
dirt,6
compact,99
knock,14
black,280
label,26
reliabl,122
sound,464
sleep,34
origin,199
within,119
extrem,163
float,2
fall,70
superb,22
dad,83
anker,0
cabl,97
cylind,6
stuff,211
kitchen,20
scale,24
iv,1
e,329
poop,1
earli,41
uxcelplast,0
varieti,64
class,55
charm,16
prize,15
prior,46
els,225
effect,55
show,377
tacki,0
care,84
easi,2956
open,314
whivh,0
appreci,51
arthriti,2
rest,56
length,35
previou,199
mid,21
tier,6
complain,98
major,130
simpli,89
unbeat,26
gener,269
mess,50
help,432
click,54
button,288
laugh,6
move,120
cool,90
industri,7
gold,11
line,134
fanci,39
read,2411
elabor,5
eas,178
properli,37
smoke,32
coin,3
dispos,29
chaeg,1
consol,6
37,0
fire,2240
stick,78
system,166
wasn,130
wouldn,150
contact,44
limit,371
warranti,294
send,49
servic,230
without,513
annual,0
ad,317
poorest,1
longev,59
thru,41
fun,277
fell,24
fact,212
prime,476
guess,83
dang,1
triplet,3
sleev,38
rip,9
primarili,72
cheep,5
mainstream,4
tag,35
felt,38
somehow,9
regret,45
anyth,302
strike,5
taken,28
opportun,22
uncertainti,1
prepar,18
comfort,116
allow,287
us,198
maintain,8
sens,46
tripl,22
c,51
safe,124
consum,37
stronger,4
doe,906
quantum,2
sent,42
supplement,3
budget,75
friendli,411
produc,24
particular,18
arrang,5
corrod,12
star,259
reseal,0
fewer,4
contain,28
applianc,13
insert,17
ask,226
nervou,10
cent,30
excelent,3
puedo,0
recomendarlo,0
ampliament,0
eight,11
shrink,40
recommendedgo,0
began,12
abil,161
determin,20
dfd,1
invest,80
specifi,2
brick,16
mortar,5
initi,41
upon,46
receipt,3
gone,49
becom,55
world,69
constantli,80
middl,38
incom,4
necess,3
tremend,8
soon,99
solar,10
bottom,68
equival,23
number,96
discount,44
familiar,19
honestli,43
beauti,73
recycl,22
free,632
leeri,1
offbrand,0
total,104
garabg,0
corner,13
own,443
notch,16
admit,10
given,70
immedi,66
imagin,35
ill,9
carton,3
fifth,2
fan,101
perish,2
man,16
od,0
santa,13
fe,0
aok,3
sooooo,0
ratio,8
theater,3
fail,67
outperform,11
900,4
wizard,6
oz,0
flawlessli,32
remaind,2
mill,2
manner,8
alexa,354
y,15
record,13
process,61
group,70
special,99
lab,0
curv,17
countless,4
skeptic,36
down,427
voltmet,2
accept,19
upsiz,1
complet,98
member,188
thoroughli,27
sometim,168
wax,1
effus,1
poetic,1
assur,11
honest,29
indic,24
brainer,40
inferior,4
handheld,13
reorder,31
consider,14
numer,46
dozen,14
variou,66
prove,18
mom,272
young,170
playstat,2
r,32
kick,10
ass,0
voltag,31
6v,3
learn,684
lotta,1
die,239
walki,7
talki,5
stop,152
drain,135
hurri,6
avoid,34
scott,0
outlast,15
yay,20
crap,18
cheapo,11
delight,23
hero,1
appl,179
brandnam,1
saver,36
biodegrad,1
add,232
talk,81
doubt,33
retain,4
biggest,49
11,51
absolut,295
tooth,16
brush,9
buzz,6
brain,13
evid,0
obviou,13
crappi,5
serious,23
boy,101
anymor,55
retail,25
sad,15
paid,118
fear,3
poor,74
fresh,49
went,228
wood,4
90,23
video,662
cash,9
inform,71
greatli,18
ice,5
cube,0
melt,5
wish,291
design,170
hunt,8
fairli,61
rigor,1
daughter,1010
board,17
repurchas,10
singl,51
boom,4
shacka,1
lacka,3
bigger,183
string,19
shift,8
dark,51
roku,12
aw,21
tightli,5
plain,18
corrug,2
ooz,0
tester,26
nor,25
ambit,0
involv,4
vs,52
duh,3
user,416
knew,67
overal,366
02,0
dig,9
lucki,14
moment,28
lay,14
overpr,29
yesterday,19
ident,8
unfortun,53
mistak,17
later,78
nowaday,5
groceri,21
water,32
siev,0
usb,67
encourag,16
hurrican,11
season,22
decis,36
custom,143
rank,1
seen,77
flat,25
el,10
multimet,3
fluke,4
toler,2
signific,13
variat,5
cellophan,6
heat,21
wrapper,15
construct,17
alon,48
cr123,1
unit,169
inde,9
cu,1
alot,85
cordless,3
mic,23
dj,2
toast,4
wed,11
announc,3
sack,0
research,65
pro,132
con,97
everreadi,9
rater,0
conclud,2
taylor,0
swift,0
concert,2
isn,186
similar,79
wegman,1
mind,74
properti,1
canon,3
420,0
speedflash,0
exposur,4
shot,25
flash,77
translat,7
photographi,6
person,191
entri,27
victim,0
captur,3
surprisingli,31
promis,45
blow,15
ear,5
2026,13
unless,70
rav,1
o,47
vac,21
decor,26
mac,21
desk,14
connect,333
attempt,14
expand,122
assum,30
downstair,3
fabul,13
8pack,0
retir,9
46,7
pm,1
hassl,26
minut,136
round,15
trip,187
drug,8
btw,7
stapl,10
hey,25
smart,64
loos,65
bewar,8
anyon,229
octob,14
camp,18
lantern,30
badli,6
wreck,1
altogeth,1
acid,42
perman,7
coat,12
oxid,1
inelig,0
concern,53
raw,0
photo,147
china,9
wholesal,0
greatpleas,1
vote,3
annoy,115
demand,18
trick,24
difficult,90
wow,37
mt,0
interest,80
summer,7
winter,5
teeth,2
socket,5
nation,26
shorter,32
cupboard,1
space,185
nuff,2
yup,10
function,296
asid,20
amazong,0
write,44
speak,34
attent,21
tap,307
gain,5
confid,10
folk,10
um,2
bike,10
novemb,11
2016,26
thermostat,20
discov,40
13,32
2017,23
furnac,1
temperatur,11
reach,26
80,37
f,9
holder,5
kept,90
alter,0
color,376
earliest,0
instanc,13
replenish,5
reoccur,0
tend,36
branch,1
bluetooth,139
idea,77
leav,80
woeful,0
hear,45
sizzl,0
carrier,5
proper,3
polar,6
fizzl,0
femal,0
split,9
unreal,3
violent,0
crash,10
parent,611
awhil,51
gamer,12
forget,30
plug,144
impati,3
wait,179
360,16
readi,73
sin,1
24,57
feb,4
19,6
mar,2
25,37
26realli,1
upcom,7
econom,39
late,38
nasti,0
shini,10
everseri,0
insulin,6
goe,109
75,16
neg,65
heard,47
sick,9
wall,44
closet,12
dim,38
brighter,29
blind,0
longtim,3
grandkid,182
partial,5
bc,25
adv,3
yr,256
common,19
27,7
wasnt,8
aliv,2
diabet,2
itself,72
spare,23
program,147
regularli,30
bomb,4
lie,11
omg,6
bias,2
inventori,0
regardless,8
favorit,217
english,5
chins,0
spanish,1
dutch,0
french,2
grade,14
oddest,0
question,120
vari,13
area,66
larger,183
3x,5
signal,13
weather,66
pumpkin,1
halloween,11
anyway,46
longest,27
22,6
twenti,9
book,1791
downsid,52
main,70
tight,18
advoc,1
goto,1
press,63
piec,68
swing,3
bouncer,2
math,7
strength,18
disappear,5
certain,67
oh,42
tear,11
togeth,42
consciou,0
trackbal,2
terrifc,0
begin,44
wii,26
dash,0
grab,34
onthes,0
compet,26
evereadi,12
leakag,25
ventur,1
bose,14
nois,13
cancel,20
experienc,33
deserv,9
hubbi,7
span,39
costo,1
buddi,0
counter,6
disturb,4
boyfriend,12
children,444
bateri,6
luck,31
whose,5
known,40
co2,0
detector,32
convienc,0
groupon,3
prompt,15
kwikset,0
kevo,0
burn,40
blinkforhom,0
fortun,12
someon,127
suggest,51
joke,8
breast,3
suction,2
cut,31
encount,7
trash,16
occur,5
tradit,15
liter,35
loud,46
liquid,5
needless,7
scare,7
death,3
mirror,19
mon,4
mice,21
rough,47
basement,10
dri,7
frustrat,75
razor,5
knife,6
solv,19
expenditur,0
offic,74
row,5
duracellslast,1
dormant,1
fixtur,1
sister,108
januari,2
expert,8
notabl,3
wrist,5
puls,0
oximet,0
appar,23
gizmo,4
pleasantli,28
surpis,1
card,307
frill,8
cheaperand,0
unbrandedbatteri,0
pointer,4
mover,1
slowli,6
evalu,12
listen,223
bed,56
pinch,6
bathroom,6
weigh,26
pain,22
remov,97
sligtli,1
nope,9
news,66
proud,3
owner,16
slightli,44
overs,2
9400,1
nobodi,5
freak,6
worn,11
credit,37
gar,0
bage,0
justifi,11
situat,17
yep,8
portabl,281
defribril,0
younger,49
greek,0
isl,0
vibrat,10
nose,7
hair,8
trimmer,6
flight,38
siberia,0
nyet,0
drift,0
faith,1
worst,72
appal,2
guarante,45
close,129
physic,26
capabl,98
carri,249
feet,2
due,107
obvious,33
heart,10
attack,4
shortli,12
neither,15
cardiac,0
surgeon,0
reli,33
garag,14
next,171
suffer,1
colleg,42
recur,5
shipment,12
toss,16
wretch,0
beyond,24
sort,40
washington,14
monday,5
sunday,4
spray,3
luckili,13
eye,153
pleasur,35
furiou,0
meet,70
unexplain,1
unexpectedli,1
monthli,11
greatest,32
accessori,13
burst,4
shorten,0
period,51
draw,24
laser,9
music,507
beep,7
pencil,2
sharpen,0
manard,0
weight,195
soni,10
sunbeam,3
unus,12
94,0
97,2
tough,48
deplet,3
terrif,27
separ,72
wors,37
thoma,7
train,32
multi,18
juri,2
wilol,0
doo,1
doesn,387
score,9
soooo,0
huge,118
entir,47
equat,7
ahead,33
tool,134
prematur,1
gritti,1
stat,3
laptop,236
ain,1
mad,9
diaper,1
capacitancethey,1
wore,24
wear,41
checker,1
yellow,8
quicker,28
shame,13
stupid,8
diminish,2
spoil,6
cat,11
rotten,0
bat,3
lone,1
age,350
woman,5
hardwar,23
rel,53
brief,6
eneloop,8
rougher,1
outsid,90
hose,2
durat,12
creat,46
abov,18
famou,4
fan1,1
distanc,5
cheapli,8
mechan,3
usa,8
trump,0
access,453
posit,55
cap,2
shoulder,12
built,114
termin,3
chines,7
creativ,0
desir,23
sacrific,4
profit,2
materi,54
chess,0
complic,24
esp,5
cosco,1
gon,15
na,22
modern,13
appropri,125
hazard,2
brought,78
aspect,30
whenev,26
adult,207
prepaid,4
postag,1
correctli,17
happier,48
makeup,1
hurt,14
expans,27
collect,17
project,8
ceil,4
projector,2
fluid,15
arm,21
leg,14
abnorm,0
eta,0
resolut,191
youpro,0
batteriesthey,0
roll,26
aroundcon,0
99,50
roof,1
2024,0
weren,15
freez,70
radio,68
shack,3
1one,0
zero,26
green,24
zone,8
load,327
respond,43
fix,74
respons,130
across,35
mostof,1
essenti,16
12x,1
polici,20
anytim,23
doesnt,23
idk,2
april,16
februari,10
entertain,267
tip,22
kill,10
earth,4
father,62
skimp,2
earthquak,3
kit,12
sole,5
wouldnt,13
critic,7
app,2305
goofi,0
distract,27
beg,4
caught,13
hasn,51
privat,10
defect,36
alarm,37
defectlv,0
thrown,18
phone,368
straighten,0
perhap,32
effort,20
uh,2
alongsid,0
neck,6
forward,51
occas,7
station,33
june,8
august,8
lock,134
reciev,15
cbatteri,1
church,8
weekli,7
landfil,1
sadli,8
suck,26
ac,8
mo,3
steadi,9
40,34
rang,53
older,291
amazn,1
level,92
monitor,55
deter,3
walk,13
regist,36
jump,24
wiggl,0
15,67
told,73
ripoff,3
visit,23
blood,6
pressur,23
cuff,1
meter,14
wire,11
cabinet,10
pit,1
strap,11
behind,30
buckl,2
broke,117
minimum,10
4hour,0
schlage,0
keypad,7
deadbolt,8
docket,1
puck,0
deodor,0
ant,0
ikea,4
understand,109
34,6
threw,16
joul,2
thief,1
dorki,1
mark,21
necessari,31
doa,7
tree,16
headach,2
conduct,3
offici,3
motion,25
ground,6
burnt,4
hot,25
wheel,1
wreath,2
blink,3
babi,64
unimport,2
firestick,11
logitech,6
ridicul,19
photograph,6
extern,39
discard,3
min,11
q,0
worthi,7
chinees,0
memori,319
2nd,70
hike,3
rockclimb,0
60,45
overnight,9
variabl,3
expend,1
choic,178
sam,13
club,16
harbor,6
freight,8
silver,16
self,29
brother,74
mobil,33
morn,23
9v,13
5th,18
workus,1
0f,1
cd,13
hype,6
win,48
circuit,8
plot,1
nov,1
march,9
internet,484
gear,27
wifi,275
enabl,31
factori,13
screw,12
scissor,4
sharp,73
lid,4
everywher,92
shaki,0
eyesight,3
instruct,85
screen,1582
input,10
unpack,1
clam,0
shell,8
effici,44
leap,7
pad,126
basi,26
fill,44
reserv,6
dynam,1
frameless,2
nizn,2
environmentali,0
6volt,0
favor,3
technolog,83
subpar,2
killer,16
ban,0
61,4
66v,1
subscribesav,0
stach,0
hidden,2
somewher,10
vey,1
everybodi,11
everybit,0
profession,15
audio,70
discuss,6
b,40
300,15
blah,2
unlik,46
sooo,6
saw,69
exclus,19
cv,3
agaun,1
depth,3
vacuum,1
sleek,22
vouch,3
worthwhil,17
shouldn,14
unselfish,0
scanner,1
understat,6
dura,2
relish,0
indonesia,14
automat,71
freshen,4
lamp,13
band,14
sturdi,110
importantli,9
mp3,7
player,33
cam,8
output,15
dimens,0
pricecon,0
noneaddit,0
elsewher,25
starsif,0
regard,23
surround,12
volum,62
nimh,1
adventur,1
descript,9
warehous,8
circular,0
tick,10
nomenclatur,0
realist,2
becam,19
curiou,15
ion,2
wine,3
bottl,3
leasti,0
characterist,3
accur,9
ideal,25
drugstor,4
producti,0
expectedfit,2
toddler,184
micro,78
hdmi,9
presid,0
phenomen,9
style,22
satisfact,5
thermomet,9
protect,335
imposs,36
magnifi,0
glass,23
readabl,24
necessit,0
japan,5
countri,15
reviewd,0
facemask,0
straight,23
blame,0
channel,15
boat,5
consequ,1
simultan,1
fals,2
model,284
event,20
sold,50
mass,1
vastli,1
amazom,1
loyal,3
buyer,13
tea,1
mu,0
coffe,11
flavor,1
smooth,39
tangi,0
aftertast,0
6mo,0
ya,8
swissphon,0
depart,10
pager,0
bar,12
stuck,25
key,40
feed,3
file,27
trade,11
state,51
content,245
dc,3
63,2
matthew,8
rout,5
havnt,0
pa,0
abi,0
wualiti,0
balanc,11
fashion,8
pass,54
homeless,0
competitioo,0
expet,1
durcel,3
sanyo,0
shown,23
asdfghj,0
batter,13
town,12
hol,0
diamet,1
buen,0
producto,1
bueno,0
argu,3
wrone,0
battreri,0
yo,11
ish,4
alternatibv,0
jod,1
refrig,0
delici,0
iob,0
duralast,2
deed,0
hight,1
duran,0
muchisimo,0
lo,6
recomiendo,0
easiest,2
eh,1
apocalyps,0
willbuy,0
ta,10
exel,0
ez,6
fanast,0
compart,30
giant,4
damag,103
duti,14
doorstep,0
humbl,3
batteriess,2
aris,3
speedi,24
procuct,0
decrib,1
vender,1
nephew,170
present,179
jack,8
batteiri,0
goodgood,1
graat,0
grandson,534
blast,1
grea,0
travel,311
stream,186
th,6
minor,15
exceed,31
dael,0
orderd,1
amd,6
solut,21
teen,32
watch,835
pice,1
indistinguish,3
occasion,35
endur,13
14,14
shipper,2
thx,2
batteries4,1
suffici,26
anazon,1
valueright,0
greatf,0
greatvpric,0
slime,1
gteat,0
bass,15
guitar,2
transmtter,0
smile,9
puchas,0
clue,3
neatli,15
sinist,0
scientist,1
duraccel,0
prewrap,0
barreri,0
adveris,0
wink,1
legit,0
battl,2
x2,1
planet,2
dough,4
amanzon,0
stash,6
prevent,28
kosloski,0
endors,0
candi,14
ncie,0
besid,19
fo,3
okey,0
outstand,57
daniel,0
mauro,0
transact,4
prefect,7
clicker,3
convinc,19
tuff,2
goo,4
fulfil,4
savd,0
squillion,0
match,30
faulti,6
expedit,0
versu,13
def,14
suit,25
sweet,14
aaaaa,0
juju,4
boss,1
goood,0
compli,0
defin,6
recom,0
proof,53
wor,0
fresher,6
spec,40
7x,1
rabbit,3
serv,69
ador,8
fuss,9
activ,129
39in,1
ipad,834
cover,276
reccoment,0
chianes,0
direct,54
itemfast,1
shipmenthigh,1
jose,0
gooood,0
reali,0
massiv,4
quarter,8
whop,1
quailiti,0
word,70
allot,10
intend,41
xma,46
pile,4
refil,3
heck,12
yea,3
ther,0
ecpect,0
immort,0
soul,0
zap,0
coz,1
discrib,0
energet,1
tact,1
appeas,0
seemingli,9
battieri,1
dollartre,0
refriger,2
earn,10
god,21
lightbulb,0
gurfr,0
ner,0
onggrevrf,0
ng,0
gur,0
evtug,0
cevprf,0
gung,0
vg,1
abg,0
ernyyl,0
ohg,0
tbbq,0
rabhtu,0
sbe,1
zr,0
abj,0
havent,8
notat,0
pkg,2
convent,3
otherwis,83
spectacular,10
exxpect,0
morethes,0
sdfgsdfgsdfgsdfgsdfg,0
k,5
jim,0
g,17
sem,0
batteru,0
default,2
ralli,0
imho,2
theri,0
etekc,1
hat,1
drigg,1
shape,43
neat,14
suspect,11
lit,36
apiec,2
hardship,0
loath,2
sprain,0
metal,12
outer,8
apart,30
slice,1
strait,0
jacket,7
unwrap,7
funciton,0
cup,3
error,11
flicker,2
target,21
dent,3
gina,0
girlfriend,26
thin,37
inner,1
harder,9
manag,46
amongst,3
behold,1
teddi,1
bear,6
proceed,1
explos,0
team,6
themselv,19
humid,0
sensor,22
tech,119
marketplac,0
upper,8
unfair,2
maker,1
directli,25
aircraft,0
offshor,0
america,0
assort,2
torn,3
basci,0
highlight,11
fustrat,0
corros,18
promptli,9
bacic,0
honesti,2
prosgood,1
valuework,1
expectedappropri,1
lifeconsnon,1
detect,2
beard,2
calcul,16
qc15,1
ie,5
thrifti,0
ray,25
subject,4
membership,35
mostli,144
contempl,5
select,90
unbias,1
tad,11
bummer,7
sealabl,0
shortwav,0
nearbi,2
fin,0
finger,44
stack,7
geniu,0
dedic,8
stand,87
darn,18
scad,0
dump,5
heater,0
ebay,5
supplier,4
unabl,27
blackweb,0
trackpad,1
combo,3
wiimot,1
hungri,2
race,1
track,19
thicker,5
ripp,0
prick,0
1day,0
costli,13
deer,3
feeder,0
technic,18
info,35
exce,8
comcast,1
road,66
hang,25
pantri,3
sso,0
conair,0
defuzz,0
cloth,5
shaver,2
batti,1
pricey,25
com,38
bogu,0
ugh,3
auto,34
extens,24
met,41
militari,2
student,28
mag,4
lite,13
truck,13
sat,13
element,5
relabel,1
dynex,0
rule,8
everyreadi,1
fifti,7
factor,35
upsid,3
shrunk,1
bubbl,13
llike,1
enougfh,1
battey,0
tax,6
bye,4
aficionado,0
reluct,7
ought,0
laundri,1
ensur,15
natur,17
eri,0
functiom,0
backless,0
featur,729
bedroom,11
chair,15
2a,3
weaker,4
blackjack,1
secur,49
cousin,10
multipack,0
loopi,0
placement,3
map,8
twist,5
goof,0
statement,6
lifetim,7
optim,1
constant,40
accident,61
utilitarian,1
tu,0
anticip,8
tha,0
after2,0
criteria,2
exhibit,0
correct,11
sensibl,0
simpler,5
powder,0
secret,5
emergeni,0
storm,0
zombi,0
bj,4
beaten,5
counterpart,2
amir,0
drop,343
moistur,2
seep,1
ziploc,0
undamag,1
gut,1
depot,7
rayovak,4
xbone,0
scuf,0
ecolog,0
exhaust,1
minim,33
undemand,0
appeal,2
minimalist,0
relat,23
randomli,17
uncertain,1
upset,12
js,0
expenct,0
deliveryl,1
rush,0
jeff,2
samsclub,0
logo,12
floor,26
courtesi,0
pricier,3
6th,12
ankl,1
swell,1
silki,1
dec,1
snag,4
margin,4
undervoltag,1
5v,6
mount,5
reset,35
forc,13
trusti,6
48v,1
caveat,9
emptor,2
wrt,1
hardcor,6
edit,160
functionlim,0
fancier,2
cake,7
satisfactorili,1
suprisingli,0
woohoo,0
junki,4
master,5
lifesav,5
goodby,2
akalin,0
stb,0
approx,2
battier,2
defiantli,5
l,13
4th,40
grown,15
headlamp,16
david,1
girl,68
superbl,0
fanat,3
incred,37
voic,92
undoubtedli,1
increasingli,2
mother,188
gobbl,1
nite,3
penni,33
million,6
miscellan,0
freat,0
themyou,0
recomend,4
sore,4
purcha,0
prici,7
admittedli,3
school,184
accid,24
studi,14
email,256
ultim,15
acm,1
runner,3
coyot,1
cartoon,39
desert,0
ray333ray2001yahoo,1
degrad,3
reckless,2
abandon,0
insan,11
dread,0
kindl,3084
tomorrow,7
95,4
answer,47
hintgreat,0
bid,1
site,61
exp,2
2020,1
hook,38
strongli,8
pod,4
librari,161
disclosur,1
affili,0
monetari,1
compens,3
feedback,18
glow,4
hasstl,0
titanium,1
ole,2
conjunct,0
conflict,2
estim,6
seldom,1
dumb,0
clamshel,3
exagger,4
teenag,42
mini,123
hide,9
grant,2
li,0
chalk,1
speed,164
owl,0
clutter,8
darker,3
front,89
eventu,23
tendenc,7
walkway,0
grocer,0
pen,18
roller,1
plow,2
supper,0
twin,27
rich,4
forese,2
brands2,0
box3,0
infinit,1
drive,70
mishap,0
unfortunetli,0
a4a,0
possess,1
tonight,6
stood,6
unbeliev,28
oppos,5
overli,7
aroind,0
monthwil,0
eco,7
durecel,3
eneeg,0
thier,0
mobey,0
definetli,2
transport,11
field,12
dimmer,4
borrow,23
cycl,5
bout,7
eneg,2
id,4
rescu,6
compliment,3
spoken,0
lynord,0
increas,40
pre,82
mailer,0
opt,5
labor,1
associ,37
bay,2
sizeabl,0
meticul,1
rattl,0
jumbl,0
establish,0
slick,4
trigger,5
intervalomet,1
challeng,38
enjoy,831
afraid,19
lask,0
maglight,0
odd,15
smallest,4
overlook,0
cast,9
strictli,0
uppiti,1
jiggi,1
wi,44
grandchildren,68
lost,53
nintendo,0
ds,4
rare,11
stretch,4
noisemak,1
7yr,13
inexpress,0
locat,37
ham,0
egger,1
exist,16
support,97
snmap,1
grandchild,43
electroniuc,1
uis,1
maisto,1
crawler,1
vehicl,11
fumbl,2
repeatedli,6
dog,25
yucki,1
inclement,1
exercis,3
partway,1
fav,1
accord,3
leari,2
xfiniti,3
roommat,2
stole,2
swap,10
till,35
cluster,0
unrecharg,0
cree,0
unsurprisingli,0
mord,0
georg,0
til,3
enuf,1
rave,0
haha,9
lighten,6
swoop,0
twelv,3
rental,2
dress,1
rechar,0
alklin,0
35,9
000,11
marc,0
correra,0
marker,1
pin,18
topic,4
panason,6
oral,0
jet,2
irrig,2
praiseworthi,0
alsoconveni,0
convient,1
greater,12
mucho,1
grassyass,1
echo,297
ultrason,0
bark,1
perfer,0
reccomend,10
welcom,10
quanti,0
pic,38
qti,2
frog,3
athey,1
camper,3
trailer,0
booklet,5
fridg,0
heartbeat,1
amazin,1
wel,0
mane,0
deni,0
latest,54
gem,3
chew,4
qc25,1
context,2
energerzi,0
neglig,1
lesser,7
choos,111
mundan,2
success,10
commonli,3
bonu,41
purs,85
backpack,49
glove,9
minecraft,12
pattern,4
apr,0
motorcycl,0
glovebox,0
rubberband,0
mortgag,0
wallet,8
shock,13
stuffer,2
staff,15
whichev,3
portion,13
japanes,3
longrun,0
routin,0
ifnnot,0
warn,25
imo,8
destroy,19
stamp,0
letter,37
woo,4
hoo,1
3s,0
geotrax,0
drove,5
51,0
youtub,168
jay,0
densiti,5
4s,4
horror,0
nerf,3
gun,21
heavier,8
liner,0
throughout,22
enrol,3
risk,3
sub,11
uhhhhh,1
nuclear,0
noteven,1
atani,1
unhappi,5
flame,1
bp,0
condition,0
messag,27
wake,22
hole,2
49,19
thiev,1
sept,1
bu,1
reiter,0
disservic,0
prattl,0
benefit,45
vector,1
despic,1
villag,3
unworthi,1
septemb,2
fitbit,0
worthless,12
advert,1
puzzl,33
overwhelmingli,1
postiv,1
investig,4
fbi,1
batterei,0
scientif,13
danger,4
safeti,19
regul,5
plant,3
parcel,0
bug,18
dish,10
network,46
yeari,1
gray,1
hadn,12
forgiv,0
zoom,2
shut,58
craziest,0
wrote,1
desid,0
grass,0
25hp,0
engin,12
role,0
plainli,1
instantli,19
gladli,9
someplac,1
baggi,3
lengthi,0
iam,3
verifi,10
proudli,4
ziplock,0
random,7
walli,1
amaozon,1
armi,5
booti,1
snap,24
sticki,9
tab,137
jynger,0
stair,7
doggi,0
coral,1
workout,2
waistband,2
snug,8
errand,2
lightweight,150
wearabl,1
warmer,2
peter,1
refer,15
j,1
alt,1
sucker,2
palat,0
radioshack,0
inconveni,13
stingi,0
kitten,0
log,31
maxwel,3
aug,0
jan,0
nest,7
00,37
modem,2
employe,27
render,2
reput,16
theyr,8
immens,5
turnov,0
awar,29
upgrad,345
obsolet,3
newest,16
formul,0
48th,0
drastic,2
musician,1
sing,5
shure,1
beta,1
58,3
gig,29
horrend,2
disastr,1
piti,1
gullibl,1
dslr,3
gp,12
danc,3
frankenstein,0
shake,0
hip,1
seek,5
vital,1
toilet,3
bowl,0
impact,1
drum,3
sticker,2
pri,0
struggl,16
dispens,7
ordeal,0
correspond,1
cartridg,4
dymo,0
peripher,1
virtual,5
identifi,5
ingredi,0
reject,0
rust,2
clu,0
remark,6
nevertheless,2
ala,2
mailman,0
magnific,1
multiplack,0
fulcrum,0
30010,0
301,0
156,0
spam,3
spoofingamazon,0
n,29
bullet,2
valv,0
rake,1
certifi,5
ti,6
83,9
breaker,3
ahes,0
adjust,115
paddl,0
lazer,1
advanc,31
fork,4
distinguish,4
stabl,4
economi,4
neater,1
layman,0
fuzzi,3
anythinh,0
handl,119
clipper,0
turtl,0
robot,4
muahahahahaha,0
shouldnt,0
enter,11
code,8
unlock,22
relief,4
96hr,0
display,237
6wk,0
unsur,11
exchang,47
reimburs,0
warm,8
soi,3
sign,29
reaccur,0
debat,19
roomat,1
coud,1
packet,0
specialist,0
minu,2
cord,66
tho,21
supris,5
former,2
mistaken,1
mile,17
firetv,4
hiss,1
cough,1
choke,1
puddl,3
pool,16
skin,10
peel,1
overexposur,1
surfac,30
ineffect,1
unsaf,1
pawbo,0
malfunct,4
inspect,3
wet,3
oili,2
residu,0
lose,46
chocol,4
sauc,3
piano,3
tast,5
18,31
stain,3
develop,12
paranoia,1
ring,4
focus,3
scope,3
24hr,0
unnecessari,10
optic,3
upto,1
failur,10
unaccept,5
orangeish,1
follow,35
loan,1
gunmen,0
knob,1
fade,4
battteri,0
zer0,0
soak,2
agian,1
harsh,0
aciv,1
tactic,1
shall,4
nightlight,2
whatsoev,7
fiddler,0
maxx,0
jamuari,0
obsolesc,0
xb1,0
xb360,0
dcompar,0
durcael,0
ranch,1
brilliant,9
hello,0
net,28
unlimit,74
nit,1
contrast,8
egg,0
beater,2
structur,5
leaki,2
coincid,0
spazz,0
slight,9
x3,0
exorbit,1
bum,7
collar,1
catch,27
newegg,1
crawl,0
brawl,0
bruis,0
defeat,3
32,30
biz,0
saniti,5
energen,5
proclaim,4
rite,1
aid,1
rins,0
lint,0
lightn,9
epic,0
pest,0
deterr,0
grow,49
bet,4
amazonbasci,0
payment,5
monster,0
byut,0
3v,1
pathet,0
qualm,1
shortest,3
roughli,4
4x,2
asham,0
layer,6
lightup,1
shrinkwrap,2
chose,40
wee,2
elimin,10
4pack,1
step,77
mike,1
easter,3
confus,25
dip,1
flip,17
opposit,3
picki,2
ect,3
moder,3
misc,1
defectsgreat,0
contrapt,0
demon,2
jimmi,0
suddenli,5
bodi,2
discolor,2
undu,0
stress,4
apolog,0
addag,0
knockoff,2
unusu,3
web,283
paper,82
request,24
hereaft,0
unop,0
sock,0
snow,0
yard,7
motorola,1
walkabout,3
useless,24
noqw,1
2am,0
explox,0
blanket,0
newborn,0
48pack,0
grip,25
underwhelm,0
soap,6
lame,2
schedul,11
suitabl,10
loss,6
turbo,0
steep,2
thrill,42
rid,23
milliamp,1
medic,4
doctor,16
highest,10
weekend,10
weekday,2
gradual,2
suffic,3
brew,0
grind,0
pot,0
raovac,3
extraordinari,0
patient,5
meant,21
costlywa,0
tune,4
of225,0
ent,1
peer,0
electrician,1
robust,14
truth,6
pole,1
speedlit,1
backward,11
fujitsu,0
foul,0
decad,6
decept,0
ut,0
dissapoint,3
booooo,0
brutal,1
ugli,1
slow,271
univers,11
substandard,0
jk150601,0
ina,0
unsatisfactori,2
baffl,1
tore,1
blue,93
shear,2
insta,1
bulb,2
utterli,2
dissappint,0
ceas,1
thee,0
speaker,360
lyte,0
packagedwel,0
moreamazonbas,0
da,0
hyp,0
telephon,0
whoever,4
28,1
overpaid,1
pillow,1
foam,21
fabric,5
pitch,0
isnt,18
ergomat,0
veru,0
buttun,0
probe,0
tighten,0
prope,0
scew,0
manuf,0
hsve,0
shook,0
learner,2
util,25
hallway,0
perf,0
adaqu,0
cheper,0
driven,2
attract,20
freezer,1
lg,10
v20,0
smartphon,29
surviv,15
lacklust,5
typo,1
newli,0
predict,1
possit,0
tablet,7409
red,25
cri,5
milag,1
rapidli,2
fri,2
mare,1
falmeless,1
accomod,2
dvd,7
sometin,0
unremark,0
assess,1
linu,0
sebastian,0
frugal,0
reassur,1
quilti,1
sth,0
tarnish,0
rusti,0
valuecon,0
ouststand,0
cart,0
ninja,5
mwh,5
extrapol,3
juli,5
readili,2
shirt,3
finish,11
displeas,0
forgotten,4
bagel,1
frozen,5
deep,2
iffi,2
xl200,0
bash,0
groan,0
bfrnd,0
betteri,0
henc,8
andvreallyninport,0
countertop,0
inch,149
vertic,3
flatter,2
ourth,0
specialti,2
amop,1
foot,5
thingi,0
84,2
yell,1
rear,33
headlight,1
lightli,1
static,0
skip,6
shoe,3
quicli,0
guru,1
astonish,5
remind,9
outmuch,1
ultra,14
anti,5
sea,1
1970,0
blu,3
tivo,5
wild,2
west,0
rocki,0
mountain,1
colorado,1
ranger,1
collector,0
sword,2
nowher,10
swoosh,1
hurriedli,0
escap,1
josecard,0
dice,2
strateg,0
addict,17
visibl,5
platform,25
cordstain,0
remotesnot,0
thentak,0
lst,0
la,7
wallymart,0
asian,1
infam,1
harm,2
realiti,1
asia,1
maxcel,0
leapster,0
gs,0
explor,32
nonstop,5
idl,1
touchpad,0
deeper,0
percentag,2
peak,0
retent,0
zippo,0
microsoft,8
bah,1
humbug,1
baldwin,3
keyless,1
http,8
www,7
8252,1
ac1,1
dp,5
b00441ucy0,1
san,1
francisco,1
b005g7sby4,1
weaken,1
fenix,3
hl23,3
xp,3
g2,3
b00sh08uxi,1
forgot,3
tumbl,1
center,9
vow,0
reveng,0
furnitur,0
petti,0
act,17
philosophi,5
utter,0
ruleshaha,0
bilingu,0
leaker,1
independ,6
memorex,0
fare,4
gameboy,1
theseboth,0
pedi,0
callus,0
grinder,0
workoutamazon,0
differencei,0
startl,1
finepix,0
len,2
conserv,1
einstein,0
lousi,0
royal,2
weird,13
resolv,16
warrant,2
fenc,0
1v,0
0v,0
tornado,1
disast,1
scream,1
fat,2
attend,0
netflix,275
hulu,36
conform,0
wide,19
incur,0
pet,6
sweat,1
glanc,0
powerexcel,0
freshli,0
bettter,0
menard,2
quirki,2
disconnect,4
lesson,3
mist,0
diffus,0
62,0
vdc,0
bill,32
prolong,3
bacteria,0
prepackag,0
substanti,10
slim,18
hve,1
fli,14
traxxa,0
rustler,0
gameplay,1
115f,0
127i,0
thess,0
int,0
ammount,0
sophist,3
fallout,0
excurs,0
interrupt,6
raider,0
smash,0
downhil,1
licens,4
war,5
ii,1
south,5
pacif,3
elsewar,1
russian,1
joint,1
farther,3
anser,1
unsubscrib,0
largest,1
otber,0
leaiagel,1
film,4
pant,4
ski,0
restrict,68
wilder,0
9000,0
dummi,0
mulit,0
potato,5
chip,6
alcalin,0
ni,0
mh,0
tray,0
nicer,25
watt,3
dewdrop,1
afforad,0
bargin,1
malic,0
uncondit,5
ex,1
seven,18
ocd,1
temperament,0
rais,7
trustworthi,0
neighbor,2
chatty0371,0
port,106
orang,6
fl,0
uncommon,2
liber,0
art,4
degre,7
stander,0
gaug,2
studio,3
nine,8
milk,1
frother,3
resourc,10
chicken,0
coop,0
hf,1
habitu,0
unequal,0
144,0
pc1500,0
spell,5
increment,1
encas,3
rundown,0
shove,1
storebrand,0
substitut,13
5000,0
goodnight,1
unstabl,0
insuffic,0
monkey,0
vers,0
fourth,13
pita,1
ahv,1
outa,1
resal,4
43,0
heavyweight,1
pir,1
scatter,2
fairi,0
timefram,0
beast,1
2017not,0
2018,0
polish,1
sand,0
walgreen,0
lije,0
whoop,0
desktop,6
runout,0
destruct,6
choo,1
gadgetsremot,0
qualifti,0
shine,3
2x,0
titl,10
puppi,0
adopt,4
anim,9
antifreez,0
jackpot,0
youngest,35
habit,5
analysi,0
lll,0
9th,2
hallmark,1
figurin,1
fyi,3
letchal,1
professor,0
scienc,4
5vdc,1
cheapdon,0
judg,1
33,3
heckuva,0
grandtoddl,0
rotat,17
comperit,0
compromis,6
slip,20
satisfactori,15
ceri,0
goog,3
critiqu,1
itd,1
recarg,1
meh,4
wud,0
hoard,1
convien,2
garmin,0
etrex,0
ate,4
snack,0
classroom,0
ammo,0
asap,0
feroci,2
pace,6
morepretti,0
grat,2
valuat,0
polic,0
samsung,153
slimi,0
120,1
44,1
excelentproduct,0
regularl,0
reciept,0
lastedn,0
offen,1
ahh,0
unreli,1
instant,10
untrustworthi,0
visual,25
impli,1
fight,27
357,0
le,1
unopen,0
recap,1
law,88
wherea,2
v,4
formal,0
unsurpass,0
consensu,0
pdp,0
a35h8y36s43csg,0
refcmcrdppdp,0
credibl,2
eyelash,0
curler,0
2021,0
surefir,1
titan,2
movi,711
tamper,0
z,0
wave,2
panel,5
76,2
6x,0
8x,0
yearli,6
ladder,0
liver,0
onion,0
p,1
themeslv,0
10pk,0
20pk,0
imac,1
normalto,1
drip,1
qualifi,3
thanksgiv,6
reduct,5
acuiti,1
sennheis,4
swore,1
dust,6
pronounc,1
descov,0
120i,1
afresh,1
restart,34
stink,6
cumul,0
waist,1
concept,4
grasp,0
weve,1
presum,1
cello,0
shade,18
batteriesdon,0
longdon,0
thesey,0
snuck,0
engerg,1
thesea,0
unlucki,0
backyard,3
furbi,1
artifici,1
mantelpiec,1
quiet,16
umm,0
dramat,1
intent,7
likeani,0
supposedli,0
predecessor,1
idigit,0
born,0
encompass,0
giver,0
obtain,1
entiti,0
onslaught,0
prisrob,0
heavili,6
outweigh,0
48aa,1
wth,0
filter,22
thirti,9
nickl,0
dime,2
flyer,2
amizon,1
noti,0
bob,0
shelv,4
vision,8
triedi,0
declin,1
coupon,2
eg,1
bulki,28
human,1
99cent,3
ol,6
nocturn,0
bleed,3
bicycl,2
prone,3
digiscal,0
meat,1
infrar,0
goodi,4
nikon,2
d600,0
anecdot,0
rightand,0
farhighli,0
sceptic,0
teas,0
alleg,0
10th,4
subsequ,1
lazi,4
butt,1
manual,28
consistentl,0
neighborhood,0
amazingli,7
listof,0
spectrum,3
culprit,4
gripe,10
paint,1
thinner,12
nonetheless,4
circumfer,0
compat,32
lunch,11
paus,8
pink,62
lighter,85
enigiz,1
newer,54
popup,1
surf,209
guid,15
vendor,2
disbelief,1
tall,4
propos,0
uniqu,6
frankli,3
reader,573
storesqu,0
niec,197
groom,0
avaiabl,0
6month,0
250,4
500,10
oversea,11
duresal,1
eneagis,1
dude,2
underneath,1
3m,1
tape,3
interior,2
stager,1
client,5
dislik,10
thick,23
mouses,0
aluminumun,0
foil,1
itll,1
pecker,0
mexican,1
american,5
vice,1
avid,58
hmmmm,0
financi,0
advisor,0
wag,0
arent,3
sealer,0
98,0
grr,0
speechless,0
substanc,1
broken,56
binder,16
favourit,0
donat,2
tower,0
centr,3
boycot,0
hama,2
trim,0
disc,5
hung,2
spine,4
anchor,0
bend,5
arch,0
tatti,0
tension,2
awkward,7
crack,55
spread,0
sloppi,0
cope,1
gen,24
trendi,0
island,0
seri,16
couch,23
unplug,7
alexia,4
hasl,0
verizon,10
setup,136
steam,3
cowork,0
compaint,0
download,829
kodi,3
tubitv,1
freedom,6
directtv,2
450,0
59,21
172,0
compon,7
ethernet,2
lag,51
un,0
fiber,1
4k,8
pointless,2
addon,0
poorer,0
explot,0
38,0
jazz,1
comprehens,1
zerg,0
sheer,1
domin,2
supermarket,0
mistakenli,1
cuter,0
skinni,0
flow,0
jesu,1
61v,0
snail,0
2aa,0
multipli,2
sluggish,9
viru,5
holi,0
moli,0
bam,0
tuck,4
wand,0
written,6
theamazon,0
mystic,0
park,1
boombox,0
lifestyl,0
frame,5
deterior,0
batteriesi,0
newi,0
steroid,0
audibl,46
male,0
cobtrol,0
2hr,2
percent,1
thea,0
nymph,0
thwi,0
remit,0
arelucki,0
wasteyour,0
recogn,14
unfriendli,1
silli,7
harbour,0
dissappoint,0
guard,13
weel,0
op,2
dream,8
bv,0
taillight,0
releas,28
intens,2
albeit,2
energis,0
configur,5
bi,0
latley,0
outrag,1
batteir,0
scuba,0
a1,0
worker,13
areal,0
depict,0
tightest,0
clearanc,0
powr,0
daylight,3
kiddo,28
muchlovegratitud,0
dealgreat,0
wat,0
maglit,0
ty,8
captain,0
okk,0
paperboard,0
rack,2
shockingli,0
anxiou,0
powerful,0
agaib,0
ware,0
ful,0
rechargebl,0
artwork,0
wll,0
definti,0
nuf,0
meanwhil,0
outdid,0
outshin,1
countduracel,0
dammit,0
fml,0
dela,0
ny,2
lifecycl,0
yassss,0
reus,1
cruis,7
bonknbatteri,0
cnadl,0
celo,0
intuit,33
fart,0
lego,1
nxt,0
clip,9
luna,0
99c,0
drainag,2
12pack,0
formanc,0
jumper,0
song,25
distort,1
packagethes,0
128,27
22mm,1
imprint,0
accent,4
circl,6
protrud,0
background,27
lr03,0
am4,0
symbol,1
improperli,0
arrow,2
session,8
insur,14
mush,2
barbi,0
doll,3
drone,3
autoship,0
techi,10
stuf,1
shredder,0
wager,0
prais,5
buyng,0
mybabi,0
homed,0
soundspa,0
2016i,0
tote,6
strand,0
centerpiec,1
ceremoni,0
recept,5
necessarili,6
memor,1
partit,0
theoriz,0
conjectur,0
potenti,13
dandi,2
thousand,29
rectangular,3
42,0
quibbl,0
noneoveral,0
bargainwould,0
seam,2
ext,0
helicopt,0
patio,6
batreri,0
battri,0
glade,2
thailand,0
reclos,0
canist,0
smell,4
conspiraci,1
evil,0
guzzler,1
abroad,0
forego,0
rayb,0
sweeeeeeeeet,0
citizen,7
1985,0
tamiya,0
harri,0
potter,0
26,2
2016batteri,0
retract,0
calvin,0
wan,5
signatur,1
lightsab,0
expensivewith,0
repair,13
thisth,0
25v,1
2v,0
hundredth,0
electrochemistri,0
mode,107
introduc,18
standbi,3
stem,0
joy,10
grin,1
taller,3
squat,0
solidli,0
firmli,0
firm,0
connector,18
piddl,0
absorb,4
similarli,3
foray,4
arena,0
column,0
emphas,0
carbon,0
monoxid,0
listnev,0
dateeveri,0
brandsi,0
indiana,0
everteadi,0
wattag,1
semi,0
ehh,0
brightli,0
anybodi,11
lieu,3
streamlight,0
microstream,0
greatcam,0
blank,10
dresser,1
woke,0
3500,0
mommi,7
heaven,2
forbid,0
pricr,0
promot,13
freakin,0
build,51
upload,26
strip,5
costoco,0
rapid,6
attest,0
altra,1
0s,0
snice,0
forthcom,0
angri,8
camcord,0
boo,0
betterthan,0
topay,0
cannon,0
wipe,3
holter,0
embarrass,2
reschedul,0
dung,0
migrat,2
doodad,0
trst,0
reluctantli,0
ignor,11
speedlight,0
chase,0
shuttl,0
moon,0
junkiest,0
rocket,4
propel,0
rummag,0
desper,1
bing,7
etern,0
slower,26
sudden,5
relationship,2
earbleed,0
mouth,1
unbear,2
menopaus,0
torpedo,0
john,0
induc,1
ytd,0
av,0
touche,0
effienc,0
dooooo,0
amor,0
mama,0
daddi,3
isol,0
commun,7
kudo,0
needlessli,0
ned,0
75v,0
dor,0
lat,0
probley,0
about8,0
reconsid,0
turkey,0
idisappoint,0
batterieswith,0
pak,1
whywouldamazonboth,0
centuri,0
duper,0
drama,0
amazonbasici,0
wherev,21
curs,0
forsak,0
rage,0
gross,0
ladi,3
dosappoint,0
smoothest,0
ownd,0
angl,18
elev,0
tilt,5
ventil,0
typewrit,0
slant,2
grew,2
ibm,0
selectr,0
sight,0
slide,21
rise,0
inward,0
mesh,7
keeper,2
lap,21
spillag,0
toshiba,2
cloud,28
suspend,2
ampl,9
perfor,0
cooler,6
uncomfort,12
modif,2
allevi,6
retrofit,2
interfer,5
breakag,5
rivet,0
weld,0
crinkli,3
belong,9
envi,0
snuggli,0
section,14
nalgen,0
destin,0
accordingli,3
waterproof,15
zipper,13
constructioncompar,0
packsno,0
brandinggreat,0
detaillarg,0
compartmentlot,0
subcompartmentsorgan,0
sundri,0
compartmentcon,0
lookstop,0
perfunctorystiff,0
nylon,6
movedth,0
accommod,2
stylish,4
grey,5
pipe,0
distinct,1
emboss,0
slippag,0
jansport,0
bean,0
manilla,0
folder,18
textbook,16
paraphernalia,0
obligatori,0
cellphon,2
ballist,0
flimsi,13
via,39
suitcas,1
stiff,1
manipul,1
lectur,2
hall,1
sewn,0
calib,0
vacat,28
caribbean,0
6yo,0
extran,0
sleeker,6
secondari,7
pouch,0
punctur,0
notebook,3
cinch,0
width,0
loosen,2
toward,11
idem,0
florida,6
rain,12
timberlin,0
classifi,0
lunchbox,0
bulg,0
rigidli,0
postur,0
organiz,0
ouch,0
lifelong,0
ww2,0
outfit,0
surplu,1
ho,1
snowsho,0
mildew,0
ergonomicsher,0
contemporari,0
accompani,1
tradeoff,0
tekki,0
tug,0
logic,19
111,5
chromebook,2
macair,2
neopren,5
friction,2
beer,2
cozi,2
koozi,2
canva,4
slit,2
macbook,7
2012,16
1000,9
machineri,2
wander,2
shoutout,2
classi,2
educ,268
scene,4
darth,2
vader,2
mask,4
unbox,7
soft,23
tee,2
amp,8
3d,0
briefcas,4
wrestl,0
shekel,0
dell,2
inspiron,0
diari,0
technician,0
paperwork,0
sandwich,0
fab,2
western,0
passport,3
2tb,0
aesthet,0
wd,2
nomad,4
rug,25
usb3,3
rubber,41
flap,1
40cm,0
ruggedis,0
commut,6
document,26
litter,2
kitti,1
elder,2
women,0
rep,8
block,30
explanatori,1
voyag,251
paperwhit,182
patienc,7
sked,0
outlet,14
hollow,0
settl,8
nough,1
hd,509
changeabl,0
european,1
norway,0
adapt,53
norwegian,0
galaxi,62
ipod,17
funtion,1
hdx,39
110w,0
abv,0
lemon,1
miracl,3
convers,10
versatil,49
outlier,0
israel,0
dual,8
interchang,0
hotel,6
29,2
powerfast,0
slipp,0
pan,0
kindal,4
privaci,3
android,297
bedridden,0
disabl,33
interv,0
procedur,4
scrabbl,0
dot,71
traffic,2
intercom,0
bedsid,1
assist,38
skill,19
knowledg,35
funni,3
ourselv,3
fidel,1
ai,2
gratifi,1
programm,6
phrase,5
questionso,0
70,18
instrument,1
mantovani,0
101,0
paul,0
mauriat,0
herb,0
alpert,0
shuffl,1
neil,3
diamond,0
petula,0
clark,0
cub,0
motel,0
dubuqu,0
ia,0
bird,8
rainforest,0
thunder,1
mississippi,0
mood,0
wemo,3
150,4
1st,40
queri,0
command,51
copyright,0
promt,0
appos,0
fi,39
endless,9
departur,0
cook,5
recip,4
wikipedia,3
owen,0
iphon,61
stutter,1
vocabulari,6
mariachi,0
autom,6
5star,0
avarag,0
draugther,0
gane,0
recognit,6
interact,21
innov,1
beach,27
helper,1
uncanni,0
stereo,24
bestbuy,32
crisp,61
upstair,6
complant,3
inclus,2
aux,1
playback,11
companion,10
partner,2
horoscop,0
sync,31
chart,1
dolbi,1
portablebl,0
sweden,0
portug,0
lake,0
host,2
softwar,66
interfac,69
granddaught,437
complement,1
accustom,3
podcast,5
lifx,0
firmwar,1
jbl,3
kink,1
hw,2
clariti,68
satchel,0
ittt,0
dock,4
googl,470
wirelessli,0
iheartradio,0
pandora,18
spotifi,16
itun,7
woken,0
couldnt,1
hectic,0
coll,0
friday,208
retriev,2
valid,0
gor,0
habe,3
fort,4
bluetoothdec,0
forcast,0
prouduct,0
conpack,0
adoptor,0
useful,0
lil,12
hotspot,10
highway,0
deck,15
batterey,0
worldwid,0
tunein,1
iceberg,0
phillip,1
hue,5
disadvantag,5
difficulti,22
public,16
siri,6
andespn,0
lug,13
tether,4
upholsteri,0
calendar,6
ebook,125
texa,4
whim,5
geek,52
squad,41
fave,0
fot,0
io,7
unclear,0
primari,12
toggl,2
thruout,0
understood,0
episod,10
impuls,10
soundlink,1
louder,20
duli,0
cellular,7
129,3
luke,0
effortlessli,6
footprint,2
amzon,0
inbuilt,0
inna,0
playlist,1
yearbook,0
cnet,0
alexi,3
languag,15
ap,9
ecobe,1
commandscon,0
4ghz,0
speakersoveral,0
protector,33
flawless,6
greatdifficult,0
sseem,0
poolsid,3
statu,3
weari,0
housework,3
verbal,0
genr,0
forecast,1
namesak,0
ue,1
unexpect,4
chagrin,0
intro,0
tinni,4
outdsid,0
acoust,0
cradl,4
alex,2
domino,0
78,3
downgrad,6
79,11
sport,11
seamless,8
navig,300
pf,0
summon,2
spi,0
indefinit,0
dirti,7
og,0
mere,3
belkin,0
pleasant,7
thetap,1
äì,0
nurs,4
boughi,0
alezxa,0
algorithm,0
coolest,0
invent,4
bore,10
bumper,77
commit,0
paradigm,0
shower,1
85,3
trebl,0
novelti,0
audiophil,5
scratchi,0
execut,2
discontinu,4
interconnect,0
circler,0
dystopia,0
pizza,0
hail,0
uber,0
npr,0
headlin,4
smarter,7
likenit,0
intimid,4
format,39
iheart,1
bough,2
sling,1
safer,0
stationari,2
balconi,0
graduat,6
dorm,0
tappi,0
avali,0
alley,0
ft,0
tx,0
mimi,0
grandmoth,16
65,5
kdi,0
hut,0
sew,2
tub,2
interpret,2
task,42
punch,11
guam,0
plagu,0
pill,0
flexibl,11
implement,6
chat,8
xm,1
vi,0
valuabl,5
crystal,20
heaper,0
trial,10
marino,0
speech,2
deaf,0
surreptiti,0
notif,4
stage,1
usd150,0
tin,0
coveni,0
ä,0
handsyou,0
bemoan,0
scoop,0
obsess,4
smartth,0
ifttt,0
harmoni,1
multipurpos,0
beef,2
smarthom,0
artist,2
someway,0
michael,0
bolton,0
bruce,0
springsteen,0
cult,0
flaw,19
tribi,0
enhanc,4
partnership,0
bb,17
äôt,87
sono,0
procrastin,1
hvac,0
onboard,2
trivia,0
ijnfo,0
repositori,0
glitch,19
maxim,3
instructio,0
starter,59
honeywel,0
closest,2
wold,0
hmmm,0
savvi,47
printabl,0
evolv,0
unknowingli,0
siriusxm,0
howard,0
stern,0
nfl,0
mlb,0
satellit,0
solo,0
rice,0
backlight,59
backlit,14
bone,0
lightweigh,2
knit,2
paperback,13
counti,0
paperwit,0
kindler,0
magazin,96
pixl,0
printer,3
extent,4
plate,3
seagat,0
caution,1
bottleneck,0
shield,8
rectangl,0
bandwidth,1
motherboard,0
nativ,8
hub,2
uphold,0
throughput,0
lean,4
concentr,1
coverag,6
stroke,0
5w,1
8v,0
mysteri,0
110v,0
100v,0
240v,0
copywrit,0
understandfor,0
240,1
nap,0
äô,86
repli,0
satistfi,0
ink,10
bezel,17
eread,92
touchscreen,17
sharper,6
text,84
narrow,2
eink,0
bibl,4
christian,2
christ,0
nazareth,0
bless,1
airplan,13
crank,0
dictionari,11
origami,12
strain,23
font,44
bump,5
sun,20
199,7
browser,65
irrit,3
shud,0
ttri,0
papperwhit,1
sensat,0
costliest,0
helium,0
balloon,0
gentl,3
squeez,2
menu,49
nook,104
kobo,4
pari,0
hepat,0
v1,2
tone,2
yellowish,2
bluish,1
york,4
plane,35
evenli,4
distribut,6
surpass,2
matt,0
foreign,5
consult,2
situ,0
urg,0
nearest,4
evolut,0
advers,0
disrupt,1
melatonin,0
king,0
avaiail,0
wonki,3
peac,9
300dpi,0
georgia,0
pw2,5
oldest,17
whiter,0
ounc,6
slimmer,8
pw3,0
ppi,1
flush,12
crumb,0
catcher,0
batterri,0
exactlo,0
cadillac,0
devis,8
eleg,2
whip,0
handbag,0
clearer,17
conist,0
nighttim,2
sunlight,36
refresh,7
lcd,4
agent,3
media,98
brighten,1
swipe,44
pol,0
glare,35
madman,0
chapter,1
refurbish,12
paperweight,7
newspap,12
sulight,0
join,2
lend,1
scroll,12
frankfort,0
secondli,2
lastli,8
tint,2
focu,5
casual,24
uniform,10
builder,0
3g,9
bitten,0
breez,22
experiment,3
duck,0
throne,3
copi,14
stylu,7
basket,0
pend,0
address,6
toldpeopl,0
pickup,4
leisur,1
blackscreen,0
scratch,7
warente,0
blueish,0
defens,0
mighti,0
glowlight,2
copperish,0
textur,1
prettymuch,0
kindle4nt,0
4t,0
sensit,34
thelarg,0
ofmak,0
havefound,0
buyha,0
thestor,0
pdf,15
enlarg,13
resiz,0
east,7
progress,11
2013,3
dx,1
aura,0
latter,2
ditch,0
palm,4
fastest,14
aquir,0
browni,0
hindsight,6
pagesif,0
ligth,0
encyclopedia,0
indigen,0
ambient,5
restaur,4
dalla,0
overheat,0
sunni,6
readeri,1
andi,2
4g,8
lover,10
mandat,2
pw,0
gym,7
6week,0
3week,0
voraci,2
tji,0
sunshin,5
readin,0
elat,1
bookmark,1
drawback,30
ghost,0
backlot,0
spill,6
homepag,0
oasi,142
misplac,2
ipadmini,0
air2,0
hardcov,0
pannier,0
recess,1
facedown,0
intrigu,1
apprehens,0
weightless,1
nicest,0
tweak,5
reallllllllllllllllllllllllllllllllllllllllllllllli,0
4gb,0
pagepress,1
reimagin,0
dimli,1
nail,4
hy,0
awsom,7
detach,1
theft,0
seattl,0
goal,20
pluse,2
viabl,3
bia,0
breakcon,0
powerpoint,2
seemless,1
ting,0
forum,1
su,0
antenna,0
gradient,0
pw1,0
quietli,2
awak,4
magnet,16
distress,0
leather,17
lightlov,0
wider,4
resum,0
luddit,0
spous,5
lovethi,1
biggi,0
processor,64
fluiditi,0
fingertip,14
fingerprint,5
dpi,5
border,0
turner,4
diagram,0
icon,20
fold,4
intrus,2
delet,25
otter,0
problemat,3
ver,0
inadvert,4
defunct,0
ancient,3
disassembl,0
crimp,0
rhyme,5
ping,0
facebook,129
bell,11
whistl,11
splurg,3
effortless,0
acct,3
archiv,0
easliy,0
password,31
aloud,3
thhought,0
noe,0
littlebit,0
maneuv,27
screencon,0
frustratingwith,0
ergonom,16
boundbook,0
zippi,3
upcharg,0
interfacene,0
passion,0
hefti,3
hep,0
transit,10
pure,5
spendi,3
unparallel,0
tract,0
goodread,9
proposit,0
shortcom,1
loyalti,0
nonexist,0
produ,0
ct,0
freind,0
shadow,0
finicki,1
view,147
bound,0
dinner,6
notepad,1
horizont,7
audiobook,21
efficaci,0
submit,1
indispens,0
haptic,3
wether,2
tackl,0
charact,8
nespresso,0
capsul,1
amus,0
139,3
nightstand,0
179,0
rape,0
abus,18
calm,3
asleep,10
reconnect,3
homemad,0
granddaugt,1
starfal,1
viber,4
launcher,5
announcedherself,1
wordless,1
pictorialstart,1
vagu,1
thisdevic,1
thatfil,1
thorough,2
protocol,1
encrypt,1
toattach,1
asstound,1
128gb,23
bf,5
375,1
64gb,8
sd,172
engag,24
healthi,3
cpu,11
playstor,21
grader,10
preinstal,8
clunki,6
grandaught,22
garden,3
easyperfect,1
69,15
laggi,6
carrasoul,1
loadout,1
vibrant,14
insist,6
unrespons,1
inaccur,1
overcom,1
8in,9
outcom,1
skype,20
hiccup,5
marvel,1
champion,1
s7,2
tailor,10
smoothli,9
grt,4
standpoint,2
freetim,78
ck,1
readout,1
nordic,0
treadmil,2
then10,1
ecosystem,30
grandpar,10
kickstand,4
upright,1
reboot,16
hassleveri,1
gb,112
3gb,4
32gb,24
primetim,6
diapoint,1
himself,13
vocal,1
motiv,9
unwil,1
unsupervis,2
alphabet,9
avi,1
grandma,22
beginn,106
1yr,9
3yo,5
whom,3
homework,36
anniversari,1
modifi,11
gigahertz,2
256,5
gigabyt,8
megapixel,3
720p,8
1080,4
ram,39
gpu,4
excitedli,2
hog,5
nextflix,1
facetim,1
preload,40
social,52
abc,17
disney,17
fierc,1
convini,1
nabi,42
jr,5
fir,8
vlc,6
to12,1
disneyland,1
tranquil,1
stutdi,2
8mm,2
ecospher,1
buggi,1
thang,0
iut,1
airport,5
offlin,21
mp4,1
microsd,24
seamlessli,6
pirc,1
cal,1
saggi,1
dyslex,2
senior,13
scari,3
sixth,1
jealou,9
hd8,143
adultsa,2
imped,0
onoth,4
sprout,3
cubbi,1
googleplay,5
appstor,23
mickey,7
clubhous,7
nexu,27
driver,7
grrat,1
foe,1
xmas2015,1
raffl,8
kf8,0
clog,7
unwant,15
tabletth,2
inappropri,18
curfew,8
preteen,4
proprietari,11
appoint,7
ata,1
streamlin,4
silk,32
greatcon,1
telegram,1
hindranc,1
customiz,11
ƒ,1
wonderful,1
godchild,1
childproof,5
adolesc,2
4yr,22
chronic,2
droid,2
magenta,9
purpl,9
builtin,1
yourey,1
breath,2
panick,0
cookbook,2
slowest,0
snappi,16
slart,0
optimum,1
battert,1
16gb,59
boast,1
vivid,7
althought,0
nbc,3
decreas,1
decod,1
hevc,1
stopper,1
unpredict,0
futon,0
dosent,5
repossess,4
cach,4
billboard,1
upfront,1
subsid,6
30yr,2
quirk,14
disconcert,3
bur,1
majorli,2
relax,12
didon,2
recreat,3
reward,8
beastli,0
2yr,14
exit,10
preschool,19
labtop,1
93,1
deceas,0
salesperson,5
hasmor,3
herself,12
mexico,1
elderli,9
wind,2
novic,8
dropbox,5
treat,5
os,92
observ,2
bust,1
micki,2
minni,2
increidebl,1
onclud,1
pinsharp,1
recipi,28
hypersensit,2
68,2
intellig,3
soup,1
approv,16
aplic,1
rent,6
login,9
youand,1
tween,5
7inch,3
bedtim,11
fee,21
throughli,5
somewh,3
broad,1
crossword,7
glu,8
benefici,5
awwsom,1
predomin,1
insignia,5
gecksqd,0
undesir,1
cite,1
silent,1
priceless,1
greatthank,1
downfal,31
germani,1
mono,3
alight,3
accomplish,4
hp,4
64gig,3
crush,11
cc,1
g3,1
acer,1
reg,3
chrome,26
withstand,10
aka,2
kindlefir,3
temporari,3
underground,27
layout,7
eve,1
painstakingli,0
everytim,7
whilst,3
valuegreat,1
a6,1
89,17
homeschool,1
blackfriday,1
instagram,10
tube,34
fire1,1
aunt,17
fireo,6
vanilla,1
flagship,1
replacemwnt,1
rhe,1
occupi,46
smoother,5
certif,7
helpedalway,1
slipperi,6
honeycomb,0
explain,24
worksheet,1
colleagu,1
downer,1
salesman,11
maneg,1
calend,1
bugger,1
estat,3
lindl,1
contend,2
array,2
stone,4
crowd,0
infant,2
tutori,11
uninterrupt,1
root,22
void,7
beforehand,2
recommened,1
paw,6
homer,1
sibl,14
86,5
vietnam,1
veteran,1
marketamazon,0
firefox,1
sw,0
deem,0
abount,1
tryout,0
clerk,2
modest,5
mindless,3
glitchi,3
5gb,5
16g,13
savi,13
sofist,1
disspoin,1
chromecast,16
64,12
2year,3
solitair,11
al,10
iread,2
teblet,1
proff,1
multifunct,1
amaxzon,2
toddlerseasi,2
carryeasi,2
considerarion,1
mint,1
87,7
saavi,3
tab3,1
spreadsheet,7
segment,3
galleri,1
frienda,0
intermedi,6
syndrom,5
godson,7
hybrid,1
20gb,3
unread,1
carousel,7
8year,1
honeatli,2
preti,1
grrrrrrreeeeeeeeaaaaaattttttt,2
recov,1
deepli,1
gf,3
shabbi,2
permiss,8
refin,4
stride,1
descent,4
outdat,5
gmail,8
surgeri,10
screed,4
usr,2
doc,1
s2,12
cushion,3
laterthi,1
1280,1
800,3
infact,1
7mm,1
glossi,3
futurist,1
ur,7
modt,1
nd,3
ò,2
yer,1
grandbabi,6
itsh,1
geat,2
abcmous,1
youngster,4
boredom,2
lick,2
teach,39
easyer,2
personnel,4
gre,1
bath,7
39,4
newphew,3
grafic,2
conect,2
articl,14
3yr,16
fallen,2
demens,1
semest,5
godsend,1
undergradu,1
biolog,1
750,1
stepmom,1
profici,1
somebodi,1
supervis,8
ene,1
weakest,1
scan,3
qr,0
hookup,1
reload,1
litchi,1
dji,3
mavic,1
powerhous,3
atleast,7
blotch,2
git,3
anyday,2
aswel,5
farmer,2
almanac,2
patent,2
afternoon,2
doorbust,1
assign,6
barrow,1
portal,3
tricki,3
wildlif,1
appt,3
babysitt,4
multitud,0
litth,1
ms,1
docx,1
xlsx,1
pptx,1
neic,6
hoop,8
divers,1
88,3
approach,4
assoc,3
tooo,2
bloatwar,4
ghz,5
shakey,1
smartwatch,1
ky,1
bounc,3
6yr,12
wasd,1
bland,2
snuff,2
retina,2
pixel,15
189ppi,1
lamin,4
citi,2
nitpick,1
technilog,0
nana,3
indestruct,20
concret,2
intact,2
sandisk,1
inlaw,1
uncl,1
impair,3
useag,1
sneakili,1
vudu,8
pime,0
bonus,7
autism,13
misbehav,2
toodler,2
conduc,2
mucheveryday,2
gamehi,2
pove,2
dryer,3
land,3
10yr,1
stepdaught,6
alterior,1
chord,1
paramet,2
prop,2
72,1
amozon,2
dose,3
novel,8
bejewel,1
blitz,1
alittl,3
overag,0
whit,2
sluggi,1
perk,3
satifi,1
8gb,24
incompat,1
desent,2
15min,2
glambabi,2
clumsi,17
manga,8
ar,3
eager,1
nurseri,4
strict,1
gutter,1
bcuz,1
fiddl,5
straightforward,3
proxim,1
imporov,1
marriag,1
wotk,1
ed,1
azi,1
disput,5
fre,1
awseom,3
co,2
tine,1
espn3,1
unschool,1
granddaugth,3
hospit,4
theyll,1
30sec,1
spongbob,1
lifw,2
doin,0
dreamtab,3
silicon,5
enclosur,3
defend,1
disallow,1
autist,7
hs,2
wit,3
gaurante,2
spoke,5
summari,5
aweosm,2
calmli,1
chatter,1
dictat,2
kidsit,1
educationali,1
4yo,5
multitask,4
offshoot,1
unobtrus,1
earphon,3
kindleiz,2
yoga,0
pricegood,2
unrel,2
goggleplay,2
goggl,4
spin,4
squar,16
slik,3
twitter,4
drag,5
wallpap,16
newstand,11
gorgeou,5
despis,3
swype,5
partli,7
carpal,3
tunnel,3
legitim,3
kidproof,2
everythig,1
figertip,1
ownership,0
bite,6
action,2
6hour,1
fb,11
championship,1
bama,1
eadi,2
salesgirl,1
theme,1
jostl,1
tiniest,1
clinic,0
techni,0
chariti,1
charit,1
kasperski,1
complimentari,1
apponto,1
nookeread,1
voicecast,1
reapons,1
buffer,18
lagg,1
adust,1
alik,3
captabl,0
yahoo,5
html,1
bookclub,1
hd7,12
spead,1
wishlist,1
rablet,1
husbandand,1
1gb,3
discreet,1
graini,2
orgin,1
awsomo,1
iwa,1
dauther,8
fascin,2
7year,1
aim,8
samsug,1
fire8,3
asphalt,1
playabl,1
nvidia,8
xbox1,1
ps4,1
dubbl,1
bbuy,1
outsel,1
unavail,1
grandboy,0
recoveri,1
kindergarten,3
breakabl,4
56,1
fieri,1
cumbersom,7
8yo,4
homerun,3
acc,3
figth,2
venu,1
catalog,2
wash,4
jam,1
savior,1
freespac,1
hire,1
height,3
10in,3
golden,2
duarabl,2
abit,1
reloc,1
needespeci,2
jissela,2
quieter,2
tmti,1
cruze,1
phantom,1
underpow,1
mbr,1
inabl,6
duel,1
workabl,1
alternatv,1
purcas,1
watcher,3
quad,8
core,9
nake,2
shatter,5
gurante,2
purchasei,1
contol,1
ip,2
solicit,1
chosen,2
byod,3
howto,3
45,5
freebi,4
comic,6
detract,2
purposli,2
curios,2
hammer,2
tread,1
ui,4
multifacet,1
airlin,7
firehd8,1
rub,1
smudg,1
cross,4
moto,0
600,2
washer,2
fundrais,3
ness,1
supportl,1
isnot,1
5yr,5
11yr,3
sega,3
acced,1
quetion,2
warenti,2
incorpor,2
minuscul,1
an3,1
inexpeisv,1
pretyy,1
premit,1
conclus,3
eaxh,1
bith,1
tweet,3
mm,1
downright,1
7in,6
8th,6
lunchtim,1
nerv,1
wrack,1
sim,8
trend,1
gotcha,1
headstart,2
nano,1
kiosk,2
menial,2
perspect,2
picturesh,1
acquaint,1
curriculum,4
elementari,5
hug,1
survey,1
promo,1
acess,3
ehhh,0
1week,0
expland,0
200gb,2
greenish,1
unacept,0
vulcan,0
acrobat,0
nterfac,2
otoh,0
offend,0
philip,0
guppi,3
unauthor,2
rethink,2
bold,2
contorl,2
usin,2
grownup,2
durribl,2
entertainig,1
sdmini,2
chtistma,2
suster,0
farm,1
viedo,1
crime,2
appli,3
att,5
authent,1
si,1
9yo,1
tot,3
sturdier,5
fianc,17
utub,5
ahs8n,1
aggrav,8
ilovemi,0
clamp,0
daugther,7
faron,2
adhd,2
biographi,1
pli,1
sesam,4
street,4
32g,4
soooooo,2
sterdi,2
apt,1
dif,2
crisper,5
pie,0
sceen,1
ook,0
differenti,5
preserv,0
replay,0
barn,7
nobl,7
8hd,5
32mb,3
kkep,1
router,6
brenda,1
disrespect,1
rude,1
repres,6
salari,1
01,1
appschild,2
1yo,2
luv,7
granvil,2
wv,2
stalk,1
clone,1
savoy,1
64kb,1
atari,1
mb,4
preset,2
someday,2
elmo,1
everynight,2
temporarili,1
aiden,1
dnt,2
edgewis,1
fugur,0
exterior,1
k8d,0
fondli,2
boost,7
pokemon,2
craze,1
cooper,2
deficit,1
passcod,1
antiviru,2
broadcast,2
whey,2
loke,1
ringer,0
hipster,0
canaccess,1
lte,4
bud,0
wolf,1
wrath,2
barley,1
fox,1
easyto,1
prof,2
craft,5
glue,1
chubbi,1
unorgan,0
freetimeunlimit,1
prob,6
bedt,3
lastlong,1
safeguard,8
circadian,5
rhythm,5
himsinc,1
bok,1
tablett,2
2014,2
overh,1
nonrespons,1
midday,1
shimmer,1
stomach,1
sideload,4
7th,12
kindll,1
wound,3
baught,5
phooey,2
assumwd,2
bloat,3
hover,2
daugter,2
kiddi,5
overdr,6
author,8
polit,7
wtf,1
fed,3
asu,6
preciou,1
thursday,1
roam,2
gamecircl,2
allthough,1
cutoff,1
underway,1
hardwood,3
preoccupi,0
easel,1
velcro,2
articul,1
sf,2
maui,2
leapfrog,1
fay,1
geti,1
onext,2
abk,2
seventi,3
cramp,1
bent,3
hack,3
invas,2
fridaypro,1
soundwel,1
builtcon,1
storenet,1
grandpa,5
grandfath,5
stepkid,5
wnough,1
poloroid,1
mgr,2
jerk,2
elit,2
unriv,1
conpair,2
facet,2
presenc,3
horsepow,4
nexus7,1
alert,2
ond,1
tge,2
incid,2
expectationin,1
stope,1
foldov,2
phablet,2
500ish,2
96,2
movement,1
foor,1
websurf,1
rood,1
peppa,1
pig,1
samaumg,1
playtim,3
350,6
hardback,2
haircut,1
dentist,1
netflick,1
pku,1
hroat,0
haveit,0
tangerin,1
redbox,1
webpag,2
froze,2
undon,2
girli,0
album,2
webroot,9
dull,1
exam,3
seat,7
inexplic,1
wad,2
taught,3
chatg,1
fat32,1
ntf,1
xfat,1
werent,2
clash,5
clan,4
aftermarket,1
coc,1
launch,3
wayyyyy,1
hint,3
pict,0
10and,2
octan,1
fruit,1
therapi,4
bascial,2
kidz,1
loooong,1
lenovo,1
rail,1
youth,4
grankid,1
lotmor,1
105,1
unbecom,1
pronto,1
overload,2
bog,1
craig,1
recuper,0
saleman,0
hilari,0
warrenti,0
functin,1
reaction,3
wri,0
goodidn,2
sentenc,2
excus,4
kendal,1
cardscon,1
workaround,1
intrusiveoveral,1
mishandl,1
deduct,6
casei,1
miniatur,3
sone,2
ager,1
byee,0
slouch,1
ôºå,1
upgradesôºålov,1
server,0
breed,1
alwya,1
misl,0
sec,1
pumper,2
5year,4
captiv,0
preorder,1
juggl,1
ubiquit,1
lockscreen,2
rcase,1
zinio,1
lib,1
gui,0
comfi,2
nineti,1
expection,1
cautiou,2
290,5
babe,2
jean,2
s8,2
tinier,2
bookshelv,3
merlot,9
procesor,2
nad,0
graviti,2
completli,0
sunglass,0
satisfiedeasi,0
kindel,7
deliber,2
align,2
brainier,2
reappear,2
vanish,2
illumin,5
snappier,3
justif,2
lightest,7
es,0
cabin,1
scrutini,0
seatmat,0
overhead,0
unsnap,2
37th,0
wheni,2
squarish,2
sky,0
äôm,24
ellipt,2
orient,2
passag,2
laston,2
äúdual,1
äù,7
succeed,2
unprepar,2
_without_,2
trace,2
illus,2
fatigu,4
180,2
loudli,2
310,2
redesign,2
lovin,3
lighweight,2
preffer,0
revers,2
veeeri,0
mostl,0
somth,0
fa,0
wfi,0
soundbar,0
taplet,3
affod,0
seventh,0
eighth,1
wasth,0
hasnt,0
inadequ,1
misinform,2
inherit,2
reinstal,2
starbuck,2
messeng,2
alaska,1
tabletsom,2
kathleen,1
stroyek,1
divis,2
dishwash,1
worm,5
pocketbook,2
jon,2
toni,2
gbss,2
coher,2
14yo,2
23,2
hitch,2
shi,2
udat,2
techonolog,1
speedcon,2
hbo,4
conecct,2
iceland,5
solitar,2
sodoko,2
raini,3
slr,2
tsa,2
atlant,2
fire7,2
northern,2
theach,2
looooooong,2
hockey,2
playimg,2
baskey,2
snob,2
pintrest,5
dat,1
mathemat,2
fitst,1
nextbook,2
spoiler,2
earbud,5
rehab,1
bypass,5
introduct,3
merchandis,3
brightest,2
maximum,4
blaze,2
tasker,1
kidsmod,2
beggin,2
reccommend,2
screensav,2
chipper,2
viewer,6
nich,2
pare,3
oonz,2
kurio,3
publish,2
fifteen,1
hawaii,1
peski,1
poundag,1
unawar,4
itl,1
angel,2
my9,2
ligher,2
ore,2
giveaway,2
pleanti,1
freeli,1
fanciest,1
steelbook,5
india,2
rightli,2
fought,2
influenc,2
tabelt,1
delic,3
mtv,2
tabet,1
everday,1
multius,1
screamreal,1
profrssion,1
hugh,2
5yo,2
descipl,2
autofocu,2
13th,1
2day,2
53,2
pff,1
conceal,3
displaynic,2
heft,2
marketchild,2
ration,2
johnni,2
visa,2
putin,0
hay,2
sail,2
insensit,2
resort,1
tablety,2
nnbi,2
sahr,2
availablesar,2
relev,2
beok,2
soo,2
llite,2
firend,2
getjar,3
peasi,1
knack,2
consic,2
chime,2
trilog,2
sorcer,2
repav,2
spongi,2
handset,1
netflex,1
undergrond,1
furbish,2
express,4
mislead,4
flag,3
thr,1
dubiou,2
measli,3
acord,2
linsay,2
screenlik,2
feacher,2
goodexcel,2
8g,2
chug,1
stall,3
downtim,2
temper,2
gleeful,2
traditionalist,2
wantedbest,1
alsom,1
variant,3
ixl,2
difiitioin,1
pound,2
theatr,1
tix,1
yokod,1
nt,2
flower,2
invert,1
patchi,1
tout,1
hd10,2
thinnest,1
yetfastestand,0
kindli,1
usefulto,0
griendli,0
kindle10,1
kerplot,0
gona,0
squent,0
ph,0
ne,0
overwhelm,1
piggyback,0
feather,0
qwerk,0
onternet,0
workmanship,0
abysm,0
dwarf,0
cream,0
stark,0
16mb,0
coexist,0
ztotop,0
backstrap,0
playbook,1
tempt,0
mil,0
confess,0
andriod,0
obtrus,1
yoru,1
8inch,0
cnn,1
struggleit,1
heed,1
gosh,1
amol,1
xl,1
hardwark,0
50it,0
needi,0
stolen,1
st,0
lawrenc,0
buffalo,0
astound,1
slicon,1
everth,1
loook,1
66,0
recommenf,0
16gig,1
becuas,1
sodium,1
creation,0
conv,1
bookstor,1
almighti,1
marin,1
histori,0
dptrp1,0
20ish,0
longshot,0
reportedli,0
bookworm,1
crate,1
cage,0
gate,0
apppl,0
fora,0
sequenc,1
adh,1
irrelev,1
solitari,0
axi,0
tose,0
screan,0
soundresponsivealexa,0
awesomebest,0
pricebatteri,0
256gb,0
2mp,0
mygirlfriend,0
smeari,0
generationwork,1
immers,1
extract,0
finti,1
blade,0
x1,0
netbook,0
zillionth,0
egad,0
äôsadvertis,0
scree,0
carseat,0
headrest,1
everyway,0
mami,1
outgrown,0
permit,1
evidenc,0
äôve,8
äôre,3
terrifi,0
kindi,0
chenci,0
1080p,0
stranger,0
xd,0
preview,0
baselin,0
hotmail,0
surfur,0
wil,0
surel,0
hound,0
hobbi,0
13k,0
interm,0
token,0
debit,0
nightmar,0
thw,1
39383,1
hokey,0
beefi,0
coloer,0
coars,0
landscap,1
portrait,2
transcrib,0
handwrit,0
1year,1
conferenc,0
gran,0
unbreak,0
adict,0
yous,0
uncompl,0
8gig,0
wieght,0
compel,0
startup,0
äôd,1
dismiss,0
folio,0
sametim,0
buyand,0
renown,0
howtogeek,0
232726,0
victori,0
forse,0
hoopla,0
xxxx,0
2gb,0
hardest,0
arguabl,0
hum,0
conneseiur,0
tongift,0
enought,0
setback,0
12gb,0
ypu,0
tou,0
netlfix,0
woek,0
loung,0
fragil,0
workscon,0
agp,0
choppi,0
hd2,1
gramp,0
tike,0
carpet,0
dashboard,2
6y,0
asd,0
meltdown,1
vga,0
turnoff,0
outlook,0
äùtablet,0
sitter,0
multiwindow,0
theon,0
droppabl,0
99mi,0
delay,2
mobli,0
dearli,0
availablil,0
nighti,1
charli,1
berenstain,1
dino,1
äúparent,0
westland,0
missouri,0
mossouri,0
jefferson,0
strategi,2
xmass,1
atmo,0
soundstag,0
straw,0
lament,0
slam,0
cricut,0
producteasi,0
patrol,2
compainion,0
gaget,0
pursu,0
foster,1
changer,0
furthermor,0
mental,0
fledg,0
primaril,0
resili,0
discret,0
dea,0
fastand,0
iô,0
è,0
kud,0
used6,0
willb,0
prine,0
tabletwould,0
512,0
fro,0
everwher,0
lookin,1
5ghz,0
showtim,0
cheesi,0
iseasi,0
backspac,1
äôll,0
purchash,0
asset,0
fuller,0
ki8d,0
diagnos,0
enceph,0
regain,0
fori,1
apk,1
replacinglov,0
freeplay,0
goddaught,0
1hr,0
bake,0
bbc,0
8y,0
huh,0
ghj,0
eagerli,0
73,1
aforement,0
hdtv,2
1208,0
crummi,0
awkwardli,0
shoddi,0
viewwher,0
1920,0
249,0
documentari,0
rmv,0
3vstate,0
incas,0
potti,0
schoolwork,0
warrante,1
mario,0
chock,0
mission,0
slippi,0
attribut,0
inconvi,1
fritz,0
nauseum,0
dive,0
kore,1
averi,0
sincemi,0
serviceman,0
sudoku,0
mymom,0
tabley,0
brorher,0
easey,0
appropari,1
absolutelt,0
ise,0
withstood,0
stool,0
kindleeasi,0
stagger,0
boggl,1
verygood,0
mute,0
reson,0
runnig,0
mi,0
averyth,0
forcibl,0
demonstr,1
1month,0
macular,0
degener,0
flashiest,0
1and,0
youself,0
tempetur,0
crafti,0
saintlad,0
serviceskindl,0
amazonbut,0
firehd,0
lolipop,0
nougat,0
semitranspar,0
blackish,0
pefect,0
iimit,0
comixolog,0
pixil,0
deivc,0
vet,0
youd,0
mod,0
doh,0
juvenil,0
mini4,0
meantim,0
outta,0
compair,0
qualitygreat,0
sprint,1
inevit,1
screenshot,0
possibilti,0
callinh,0
firstli,0
adept,0
incap,0
popul,0
8yr,1
simplest,1
gbyte,0
header,0
cyber,0
qc,0
complex,0
troublesom,0
poni,0
contac,0
framework,0
painless,0
daycar,0
divic,0
clud,0
thur,0
impos,0
kiss,0
forkid,0
prep,0
deregist,0
jeep,0
tabwet,1
pj,1
100ish,1
buggin,0
äúyou,0
manni,0
comeon,0
britbox,0
dementia,0
conniv,0
sake,0
wacki,0
vast,0
covert,0
thk,1
82,1
futil,1
oit,1
tumblr,1
happend,0
aluminium,0
oven,0
convect,0
blemish,0
slash,0
sweati,0
stanbi,0
backsid,0
grippi,0
epap,0
unreason,0
whispersync,0
airpod,0
kangaroo,1
pogo,1
discern,1
inquir,0
registr,0
stringer,1
buyshock,1
feaur,1
loooooov,0
crucial,1
tabletscon,1
footbal,1
grandniec,0
7yo,1
gravit,0
certainti,0
ttje,0
haul,0
pigeon,0
monopoli,0
doesnot,0
battari,0
glear,0
oss,0
demerit,0
thereaft,0
kn,0
daytim,0
2yo,0
mobi,2
beech,0
simplist,0
thouroughli,0
compil,0
optimist,0
se,0
rad,0
lovit,0
caveman,0
touchabl,0
touchi,0
sicnc,0
dmv,0
bifoc,0
migrain,0
4gig,0
1gig,0
realis,0
wwan,0
mat,0
illiter,0
bled,0
twitchi,0
eras,0
dreregist,0
calibr,0
unknown,0
corrupt,0
loop,0
gigabit,0
handicap,0
armchair,0
11year,0
bathtub,0
tulsa,0
theori,0
oddli,0
gingerbread,0
domk,0
lens,0
hid,0
blackberri,0
transform,0
viewabl,0
alphanumer,0
omiss,0
down2,0
spaciou,0
smallish,0
spars,0
hzdc,0
ampsthi,0
flextron,0
09500043,0
a00810,0
australia,3
condo,0
kindle2,1
09,1
nothin,0
intermitt,0
disintegr,0
isul,0
slave,0
cablesanyonei,0
donut,0
bloom,0
matur,0
undergo,0
radioact,0
decay,0
sequin,0
nashvil,0
congrat,0
asesom,0
begrudg,0
miro,0
dizzi,0
deleg,0
foremost,0
trifold,0
willynilli,0
inexspens,0
negoti,0
reclin,0
inth,0
simplti,0
champ,1
twitch,0
crew,0
240gb,0
muss,0
prettier,0
deploy,0
ew,0
blueray,0
twhat,0
relabl,0
darken,0
bothersom,0
amout,0
highlygreat,0
äãi,0
tbe,0
tbey,0
casino,0
moneyenough,0
gamesdec,0
lifecon,0
weekslow,0
grest,0
1mobil,0
woudl,0
coclor,0
6gb,0
mixtur,0
frienday,0
morei,0
fsntastic,0
qualitygood,0
moneycan,0
xan,0
microtransact,0
childthi,0
fide,0
overjoy,0
imi,0
becazus,0
haf,0
stoeag,0
babysit,0
unimpress,0
perpetu,0
stickum,0
anxieti,0
murphi,0
trueli,0
narrat,0
customet,0
tabket,0
featuer,0
wen,0
lounger,0
paret,0
5x,0
probobl,0
ipad2,0
cortonna,0
camer,0
mayday,0
gateway,0
sooooooo,0
slowwwwww,0
alertan,0
pearl,0
rearvis,0
vent,0
kindlelish,0
moztli,0
bookread,0
